Bin ID,Stream,geometry
1084FL,Landfill,"c(-118.442660107443, 34.0725553077486)"
1085FR,Recycle,"c(-118.442652511575, 34.0725582043533)"
1134FR,Recycle,"c(-118.442301918722, 34.0735686471951)"
1136FL,Landfill,"c(-118.442292504072, 34.0735692004952)"
1135FR,Recycle,"c(-118.44183015006, 34.0735691838784)"
1137FL,Landfill,"c(-118.44184248226, 34.0735768587051)"
1121AL,Landfill,"c(-118.441668991817, 34.0733286559577)"
1122AC,Compost,"c(-118.441679570169, 34.0733354272543)"
1120AR,Recycle,"c(-118.441678556, 34.0733252447638)"
1103FL,Landfill,"c(-118.441998710485, 34.0731572286655)"
1105FR,Recycle,"c(-118.442006277486, 34.0731616525401)"
1145DR,Recycle,"c(-118.44202409431, 34.074047943499)"
1144DC,Compost,"c(-118.442024282727, 34.0740416029067)"
1143DL,Landfill,"c(-118.442023314088, 34.0740378532207)"
1157FL,Landfill,"c(-118.441370907408, 34.074466910007)"
1158FR,Recycle,"c(-118.441361662407, 34.0744687487682)"
1151AR,Recycle,"c(-118.441411256364, 34.0741629331834)"
1150AC,Compost,"c(-118.441421029987, 34.0741616440131)"
1149AL,Landfill,"c(-118.441437422365, 34.0741608629334)"
1163XL,Landfill,"c(-118.441159764338, 34.0745889650989)"
1162XL,Landfill,"c(-118.441448895541, 34.0745869612196)"
1164XL,Landfill,"c(-118.441191521026, 34.0746138388396)"
1165XL,Landfill,"c(-118.441350675835, 34.0746167220274)"
1177FR,Recycle,"c(-118.440885789032, 34.0754210533832)"
1179FL,Landfill,"c(-118.440886394406, 34.0754260824692)"
1176FR,Recycle,"c(-118.441542255789, 34.0754185257947)"
1178FL,Landfill,"c(-118.441544884515, 34.0754239630679)"
1205AR,Recycle,"c(-118.440768213012, 34.076593147325)"
1204AC,Compost,"c(-118.440759904289, 34.0765924716971)"
1206AL,Landfill,"c(-118.440764421235, 34.0765958036944)"
1202FR,Recycle,"c(-118.44047484299, 34.0764635189731)"
1203FL,Landfill,"c(-118.440500844609, 34.0764720295068)"
1189FR,Recycle,"c(-118.440832630328, 34.0759305392632)"
1190FL,Landfill,"c(-118.440841911473, 34.0759322230615)"
1184AL,Landfill,"c(-118.440456738314, 34.0755265512021)"
1185AR,Recycle,"c(-118.440465972435, 34.0755323503047)"
1186AC,Compost,"c(-118.440456599618, 34.0755333648478)"
1191XR,Recycle,"c(-118.440193969427, 34.0759875458603)"
1192XL,Landfill,"c(-118.440194682583, 34.075995675072)"
1187XR,Recycle,"c(-118.440125604938, 34.0758169454524)"
1188XL,Landfill,"c(-118.440110709017, 34.0758174566237)"
1196XR,Recycle,"c(-118.44020118954, 34.0761740644821)"
1197XL,Landfill,"c(-118.440200989723, 34.0761831497739)"
1198XL,Landfill,"c(-118.440006069755, 34.0761875314551)"
1201XL,Landfill,"c(-118.439549725925, 34.0764324585147)"
1199FR,Recycle,"c(-118.439158538239, 34.0763018406783)"
1200FL,Landfill,"c(-118.439164823979, 34.0763086525034)"
1193DR,Recycle,"c(-118.439201976602, 34.0760953902606)"
1194DL,Landfill,"c(-118.439195939706, 34.0760991176229)"
1195DC,Compost,"c(-118.439190143375, 34.076101909255)"
1175FL,Landfill,"c(-118.439226049282, 34.0752958932827)"
1174FR,Recycle,"c(-118.439219469237, 34.0752926455428)"
1180FR,Recycle,"c(-118.43981901198, 34.0754303860135)"
1181FL,Landfill,"c(-118.439809877803, 34.0754312562859)"
1182FR,Recycle,"c(-118.440140599067, 34.0754787467335)"
1183FL,Landfill,"c(-118.440157813567, 34.0754793213436)"
1170DL,Landfill,"c(-118.439665932922, 34.075236632104)"
1169DC,Compost,"c(-118.439660703495, 34.0752359447453)"
1168DR,Recycle,"c(-118.439655935711, 34.0752295916135)"
1166FR,Recycle,"c(-118.439820298149, 34.0751335431572)"
1167FL,Landfill,"c(-118.439808782956, 34.0751386710617)"
1171DC,Compost,"c(-118.440213804345, 34.0752493839442)"
1172DL,Landfill,"c(-118.440216550787, 34.075252081118)"
1173DR,Recycle,"c(-118.440216950222, 34.0752533311647)"
1153AL,Landfill,"c(-118.44073652347, 34.074186545652)"
1152AR,Recycle,"c(-118.440733962751, 34.0741856297332)"
1154AC,Compost,"c(-118.440733405023, 34.0741939076995)"
1141FL,Landfill,"c(-118.440136252179, 34.073943968438)"
1142FR,Recycle,"c(-118.440143346674, 34.0739450637814)"
1138AR,Recycle,"c(-118.43968275875, 34.0739181372172)"
1139AL,Landfill,"c(-118.439675670432, 34.0739237634975)"
1140AC,Compost,"c(-118.439683359144, 34.0739286687095)"
1155FR,Recycle,"c(-118.439401341003, 34.0742301341156)"
1156FL,Landfill,"c(-118.439401216473, 34.0742361170591)"
1161AC,Compost,"c(-118.439570214753, 34.074522893593)"
1159AL,Landfill,"c(-118.439569692666, 34.0745178991487)"
1160AR,Recycle,"c(-118.439563398443, 34.0745226764341)"
1148DL,Landfill,"c(-118.43884909544, 34.0740737638088)"
1147DC,Compost,"c(-118.438848593269, 34.0740724529359)"
1146DR,Recycle,"c(-118.438848481338, 34.0740674899283)"
1015FR,Recycle,"c(-118.442628845333, 34.0712156277346)"
1017FL,Landfill,"c(-118.442636690873, 34.0712242299182)"
1006XL,Landfill,"c(-118.442488558334, 34.0710670832655)"
1020XL,Landfill,"c(-118.442238151027, 34.0713354394993)"
1018XL,Landfill,"c(-118.442247978459, 34.0712246173572)"
1007XL,Landfill,"c(-118.442292078333, 34.0710727604323)"
1003DR,Recycle,"c(-118.442201385792, 34.0710515620287)"
1004DL,Landfill,"c(-118.442194201356, 34.0710515783435)"
1005DC,Compost,"c(-118.442189484639, 34.0710516393845)"
1008XL,Landfill,"c(-118.442077748192, 34.0710729259124)"
1009XL,Landfill,"c(-118.441987189594, 34.0710830382553)"
1012XL,Landfill,"c(-118.441956675086, 34.071185512543)"
1014XL,Landfill,"c(-118.44198843293, 34.0712128962916)"
1023DL,Landfill,"c(-118.442003925609, 34.0713550520934)"
1022DC,Compost,"c(-118.442003075574, 34.0713513072104)"
1021DR,Recycle,"c(-118.442002758079, 34.0713424309672)"
1013XL,Landfill,"c(-118.441796733801, 34.0711921658389)"
1016FL,Landfill,"c(-118.44168471658, 34.0712172276535)"
1019FR,Recycle,"c(-118.441685949892, 34.0712307147782)"
1034FL,Landfill,"c(-118.441554736353, 34.0715491606597)"
1033FR,Recycle,"c(-118.441549420345, 34.0715477675286)"
1058AR,Recycle,"c(-118.441170946381, 34.0719787523464)"
1052AC,Compost,"c(-118.441163203788, 34.0719697537978)"
1056AL,Landfill,"c(-118.441177027756, 34.0719721306667)"
1071AC,Compost,"c(-118.441219289502, 34.0724315603445)"
1073AR,Recycle,"c(-118.441227889109, 34.0724320775481)"
1072AL,Landfill,"c(-118.441219289502, 34.0724315603445)"
1068FR,Recycle,"c(-118.44206383031, 34.0724296785)"
1070FL,Landfill,"c(-118.442054373025, 34.0724310991705)"
1067FL,Landfill,"c(-118.442310277341, 34.0724292071965)"
1069FR,Recycle,"c(-118.442319812388, 34.0724301383585)"
1081FL,Landfill,"c(-118.442658750906, 34.0725404428225)"
1082FR,Recycle,"c(-118.442652016884, 34.0725419718306)"
1057FL,Landfill,"c(-118.442602551734, 34.0719745616405)"
1059FR,Recycle,"c(-118.442592715122, 34.0719794751679)"
1054FL,Landfill,"c(-118.442287008719, 34.0719708364449)"
1053FR,Recycle,"c(-118.442293378572, 34.0719706412544)"
1051FR,Recycle,"c(-118.442079059739, 34.0719685795797)"
1055FL,Landfill,"c(-118.44206838696, 34.0719710772739)"
1044FL,Landfill,"c(-118.442066747541, 34.0719293128761)"
1045FR,Recycle,"c(-118.442057003964, 34.0719297674309)"
1042FR,Recycle,"c(-118.442292520158, 34.071928242916)"
1043FL,Landfill,"c(-118.442302796375, 34.0719287164144)"
1035FR,Recycle,"c(-118.442636192558, 34.0715920490406)"
1036FL,Landfill,"c(-118.4426443507, 34.0715924543957)"
1096DR,Recycle,"c(-118.441580949052, 34.0727362731191)"
1095DC,Compost,"c(-118.441574730737, 34.072736070989)"
1094DL,Landfill,"c(-118.441568555592, 34.072735857879)"
1126FR,Recycle,"c(-118.440900856888, 34.0734092463107)"
1125FL,Landfill,"c(-118.440899139821, 34.0734006800226)"
1132FL,Landfill,"c(-118.440664793402, 34.073534733038)"
1133FR,Recycle,"c(-118.440672864371, 34.0735365454534)"
1131FR,Recycle,"c(-118.438723224154, 34.0735231300596)"
1130FL,Landfill,"c(-118.438733395939, 34.0735229776932)"
1124FL,Landfill,"c(-118.439290069214, 34.0733788476386)"
1123FR,Recycle,"c(-118.439290448299, 34.0733727063077)"
1102FR,Recycle,"c(-118.439305822664, 34.0731474340091)"
1104FL,Landfill,"c(-118.439301800325, 34.0731582970555)"
1129DL,Landfill,"c(-118.439511422473, 34.0734532331074)"
1128DC,Compost,"c(-118.439511428326, 34.0734488844833)"
1127DR,Recycle,"c(-118.439510565805, 34.073444183246)"
1101AC,Compost,"c(-118.43973983972, 34.0730581743502)"
1099AL,Landfill,"c(-118.439743326866, 34.0730558147523)"
1100AR,Recycle,"c(-118.439736973787, 34.0730571155974)"
1117DL,Landfill,"c(-118.440294425664, 34.0732714317163)"
1115DC,Compost,"c(-118.440296988537, 34.0732706930906)"
1116DR,Recycle,"c(-118.440303221668, 34.0732710403417)"
1097FR,Recycle,"c(-118.441007159164, 34.0728534841425)"
1098FL,Landfill,"c(-118.441000463501, 34.0728549577282)"
1074DR,Recycle,"c(-118.440683091959, 34.0724502409315)"
1078DC,Compost,"c(-118.440673453182, 34.0724521180991)"
1075DL,Landfill,"c(-118.440666622018, 34.0724502480001)"
1077FL,Landfill,"c(-118.439837704997, 34.0724518477025)"
1079FR,Recycle,"c(-118.439824055844, 34.0724549546862)"
1086FR,Recycle,"c(-118.439523899132, 34.0725651542302)"
1083FL,Landfill,"c(-118.439527349591, 34.0725508945178)"
1064DR,Recycle,"c(-118.438986983044, 34.0723835710654)"
1065DC,Compost,"c(-118.438992755568, 34.0723846462099)"
1066DL,Landfill,"c(-118.4389976141, 34.0723853906719)"
1112AR,Recycle,"c(-118.438998424688, 34.0732072587048)"
1110AL,Landfill,"c(-118.439011370757, 34.0732005236261)"
1108AC,Compost,"c(-118.439002968869, 34.0731963257937)"
1118FL,Landfill,"c(-118.439101011552, 34.0733169091241)"
1119FR,Recycle,"c(-118.439110461565, 34.073317162817)"
1114FR,Recycle,"c(-118.438810250735, 34.0732610757465)"
1113FL,Landfill,"c(-118.438811823836, 34.0732468289561)"
1080FR,Recycle,"c(-118.438648645238, 34.0724581423317)"
1076FL,Landfill,"c(-118.4386466563, 34.0724505456761)"
1090FR,Recycle,"c(-118.438745161393, 34.072609624554)"
1091FL,Landfill,"c(-118.438740305123, 34.0726108730701)"
1088DL,Landfill,"c(-118.438540614965, 34.0726030908586)"
1089DC,Compost,"c(-118.438533995376, 34.0726033793736)"
1087DR,Recycle,"c(-118.438527420735, 34.0726027981743)"
1092XL,Landfill,"c(-118.437618959435, 34.0726442925713)"
1093XR,Recycle,"c(-118.437606884419, 34.0726472760211)"
1107FL,Landfill,"c(-118.438014067725, 34.0731909267668)"
1109FR,Recycle,"c(-118.438019796588, 34.0731993979655)"
1111XR,Recycle,"c(-118.43774036296, 34.0732038337869)"
1106XL,Landfill,"c(-118.437740933769, 34.0731907787231)"
1060FR,Recycle,"c(-118.438486145088, 34.0720233142094)"
1061FL,Landfill,"c(-118.438466847688, 34.072024377755)"
1039DC,Compost,"c(-118.438544533722, 34.0717296853619)"
1037DL,Landfill,"c(-118.438539482255, 34.0717252064329)"
1038DR,Recycle,"c(-118.438522136415, 34.0717287275921)"
1040FL,Landfill,"c(-118.438776296116, 34.0717466895865)"
1041FR,Recycle,"c(-118.438783074657, 34.0717476773027)"
1027FR,Recycle,"c(-118.439111207324, 34.0714229354802)"
1028FL,Landfill,"c(-118.439109321193, 34.07143067593)"
1010FR,Recycle,"c(-118.439213685195, 34.0711556070476)"
1011FL,Landfill,"c(-118.439224203918, 34.071156828475)"
1030FR,Recycle,"c(-118.439453977735, 34.0714358840633)"
1029FL,Landfill,"c(-118.43945809723, 34.071435761194)"
1024DR,Recycle,"c(-118.439740881889, 34.0714060232499)"
1026DC,Compost,"c(-118.439741446966, 34.0714099875927)"
1025DL,Landfill,"c(-118.439742119532, 34.0714094280463)"
1049FR,Recycle,"c(-118.43976189271, 34.0719455660851)"
1050FL,Landfill,"c(-118.439750205084, 34.0719463761502)"
1062FR,Recycle,"c(-118.439237716913, 34.0720326777754)"
1063FL,Landfill,"c(-118.439233070481, 34.0720326926101)"
1047DR,Recycle,"c(-118.440697747199, 34.0719418449625)"
1046DC,Compost,"c(-118.440679415115, 34.0719408941515)"
1048DL,Landfill,"c(-118.440672779035, 34.0719431133212)"
1032FL,Landfill,"c(-118.44088909625, 34.0714690342448)"
1031FR,Recycle,"c(-118.44088919994, 34.0714597815157)"
1001FR,Recycle,"c(-118.441154597098, 34.0710201843613)"
1002FL,Landfill,"c(-118.441148575218, 34.0710210120667)"
2017FL,Landfill,"c(-118.445437341195, 34.0698377248895)"
2019FR,Recycle,"c(-118.445429067154, 34.0698389988934)"
2022FL,Landfill,"c(-118.44485516155, 34.0698418755331)"
2020FR,Recycle,"c(-118.444847643427, 34.0698412923482)"
2025FR,Recycle,"c(-118.444724896551, 34.0698471118621)"
2026FL,Landfill,"c(-118.44472134156, 34.0698486416379)"
2012FL,Landfill,"c(-118.443748646345, 34.0698098916333)"
2013FR,Recycle,"c(-118.443748077623, 34.0698124453411)"
2015FR,Recycle,"c(-118.447451146172, 34.0698213153657)"
2014FL,Landfill,"c(-118.44745808082, 34.0698187143628)"
2016FR,Recycle,"c(-118.447882892346, 34.0698320185636)"
2018FL,Landfill,"c(-118.447873962916, 34.0698380838914)"
2032AC,Compost,"c(-118.44754105954, 34.0700309593224)"
2034AR,Recycle,"c(-118.447537980198, 34.0700374102796)"
2033AL,Landfill,"c(-118.44753335973, 34.0700346125994)"
2023FL,Landfill,"c(-118.44707752414, 34.0698451234865)"
2024FR,Recycle,"c(-118.447072875761, 34.0698452959507)"
2021LR,Recycle,"c(-118.446683436632, 34.0698418123593)"
2027LL,Landfill,"c(-118.446562167988, 34.0698498941385)"
2028FR,Recycle,"c(-118.446470411297, 34.0698508522478)"
2029FL,Landfill,"c(-118.446437430426, 34.0698590857586)"
2008XR,Recycle,"c(-118.446167033216, 34.0694813089825)"
2009XL,Landfill,"c(-118.446167033216, 34.0694813089825)"
2004XR,Recycle,"c(-118.446165822781, 34.0688874583712)"
2003XL,Landfill,"c(-118.446168536829, 34.0688866567565)"
2001FR,Recycle,"c(-118.445144996902, 34.0686096449272)"
2002FL,Landfill,"c(-118.445137754803, 34.0686158372555)"
2011XR,Recycle,"c(-118.445370778916, 34.0695049246957)"
2010XL,Landfill,"c(-118.445371265574, 34.0695032853084)"
2007XR,Recycle,"c(-118.445438148812, 34.069091435865)"
2030FR,Recycle,"c(-118.445695454643, 34.069972638061)"
2031FL,Landfill,"c(-118.445694577005, 34.0699804892674)"
2035AR,Recycle,"c(-118.445894441393, 34.0700414981483)"
2037AC,Compost,"c(-118.445893822691, 34.0700465958842)"
2036AL,Landfill,"c(-118.445894441393, 34.0700414981483)"
2038FL,Landfill,"c(-118.445835859862, 34.0702230361395)"
2039FR,Recycle,"c(-118.445835859862, 34.0702230361395)"
2044FL,Landfill,"c(-118.445848924326, 34.0705350378401)"
2045FR,Recycle,"c(-118.445839860672, 34.070535848385)"
2040FR,Recycle,"c(-118.445647016883, 34.0705135425108)"
2041FL,Landfill,"c(-118.445647016883, 34.0705135425108)"
2042FR,Recycle,"c(-118.445226156009, 34.0705200133036)"
2043FL,Landfill,"c(-118.445223729305, 34.0705304946055)"
2050XC,Compost,"c(-118.444828999613, 34.0707900316673)"
2052XL,Landfill,"c(-118.444829257799, 34.0707903114376)"
2051XR,Recycle,"c(-118.444828999613, 34.0707900316673)"
2085FR,Recycle,"c(-118.445047547742, 34.071081583333)"
2086FL,Landfill,"c(-118.445042717834, 34.0710860178843)"
2094FR,Recycle,"c(-118.444645825122, 34.0712024550196)"
2095FL,Landfill,"c(-118.444645825122, 34.0712024550196)"
2084AR,Recycle,"c(-118.444550795294, 34.0710519729042)"
2082AL,Landfill,"c(-118.444548894758, 34.0710485277505)"
2083AC,Compost,"c(-118.444545054133, 34.0710492071135)"
2061FR,Recycle,"c(-118.444556670408, 34.0709208133891)"
2062FL,Landfill,"c(-118.444557287373, 34.0709430634162)"
2066FR,Recycle,"c(-118.445182357038, 34.0709786913784)"
2067FL,Landfill,"c(-118.445182357038, 34.0709786913784)"
2063FR,Recycle,"c(-118.445392906758, 34.0709733798402)"
2064FL,Landfill,"c(-118.445396754027, 34.0709752329717)"
2092FL,Landfill,"c(-118.444912190209, 34.0711783396608)"
2093FR,Recycle,"c(-118.444912762144, 34.0711850845084)"
2069FR,Recycle,"c(-118.444255180512, 34.0709875299232)"
2070FL,Landfill,"c(-118.444255180512, 34.0709875299232)"
2072FL,Landfill,"c(-118.443912843011, 34.0710013981454)"
2071FR,Recycle,"c(-118.443926825959, 34.0709984263035)"
2059FL,Landfill,"c(-118.443657920345, 34.0709115532778)"
2060FR,Recycle,"c(-118.443657920345, 34.0709115532778)"
2089DR,Recycle,"c(-118.443608614896, 34.0711248005638)"
2087DL,Landfill,"c(-118.443610067471, 34.0711187854137)"
2090FR,Recycle,"c(-118.443211222123, 34.0711364608435)"
2091FL,Landfill,"c(-118.443211222123, 34.0711364608435)"
2096FL,Landfill,"c(-118.44367439307, 34.0712498499765)"
2097FR,Recycle,"c(-118.443675572597, 34.0712758946756)"
2088DC,Compost,"c(-118.443610067471, 34.0711187854137)"
2100FL,Landfill,"c(-118.443670426142, 34.0715518032176)"
2101FR,Recycle,"c(-118.443674170032, 34.0715534772219)"
2104AC,Compost,"c(-118.443686838875, 34.0718636389466)"
2105AL,Landfill,"c(-118.443686838875, 34.0718636389466)"
2107AR,Recycle,"c(-118.443677414587, 34.0718665200732)"
2114FR,Recycle,"c(-118.444024646433, 34.0724888892619)"
2115FL,Landfill,"c(-118.44401705301, 34.0724904311717)"
2111FL,Landfill,"c(-118.444254075414, 34.0718825830816)"
2110FR,Recycle,"c(-118.444247703853, 34.0718823538725)"
2116FR,Recycle,"c(-118.444929736576, 34.072608320297)"
2117FL,Landfill,"c(-118.444935167589, 34.0726118017625)"
2106DR,Recycle,"c(-118.44450608574, 34.071863914415)"
2108DL,Landfill,"c(-118.444501918938, 34.0718724627262)"
2109DC,Compost,"c(-118.44450130956, 34.0718750300403)"
2102FR,Recycle,"c(-118.444663745494, 34.0717672419974)"
2103FL,Landfill,"c(-118.444672514396, 34.071767508248)"
2098FR,Recycle,"c(-118.444502453255, 34.0715316682078)"
2099FL,Landfill,"c(-118.444503158375, 34.0715432072348)"
2113FL,Landfill,"c(-118.443004512361, 34.0722197182889)"
2112FR,Recycle,"c(-118.443003490415, 34.0721750532272)"
2129FL,Landfill,"c(-118.444098159655, 34.0737994313244)"
2130FR,Recycle,"c(-118.44408742566, 34.0738036474314)"
2131DL,Landfill,"c(-118.44380181651, 34.0738039604296)"
2132DC,Compost,"c(-118.44380181651, 34.0738039604296)"
2128DR,Recycle,"c(-118.443799605214, 34.0737951161475)"
2126FL,Landfill,"c(-118.443532076872, 34.0737437328377)"
2127FR,Recycle,"c(-118.443532076872, 34.0737437328377)"
2124AL,Landfill,"c(-118.443754682129, 34.0733331957221)"
2123AR,Recycle,"c(-118.443757250309, 34.073328512595)"
2125AC,Compost,"c(-118.443754682129, 34.0733331957221)"
2119FL,Landfill,"c(-118.443545008523, 34.0727521510185)"
2118FR,Recycle,"c(-118.443544754098, 34.0727392940433)"
2122AL,Landfill,"c(-118.443661181395, 34.0728856848376)"
2120AC,Compost,"c(-118.443666275771, 34.0728817675211)"
2121AR,Recycle,"c(-118.443666275771, 34.0728817675211)"
2133FL,Landfill,"c(-118.450626826179, 34.0752197569587)"
2134FR,Recycle,"c(-118.450621084572, 34.075227366466)"
2080FL,Landfill,"c(-118.449398249401, 34.0710182479338)"
2078FR,Recycle,"c(-118.44939459574, 34.0710152058216)"
2048FR,Recycle,"c(-118.448721912709, 34.0707108590773)"
2049FL,Landfill,"c(-118.448717629619, 34.0707185446102)"
2076FR,Recycle,"c(-118.447469636777, 34.0710139042786)"
2075FL,Landfill,"c(-118.447464798635, 34.0710112443114)"
2054FL,Landfill,"c(-118.447543885289, 34.0708244410734)"
2053FR,Recycle,"c(-118.447545461976, 34.0708170621468)"
2057FL,Landfill,"c(-118.447400965042, 34.0708883309295)"
2058FR,Recycle,"c(-118.447370794057, 34.0708957146829)"
2068FL,Landfill,"c(-118.447043440053, 34.0709797034358)"
2065FR,Recycle,"c(-118.447031803274, 34.0709786252129)"
2074FL,Landfill,"c(-118.446501541072, 34.0710106663575)"
2073FR,Recycle,"c(-118.44649575215, 34.0710084872558)"
2077DR,Recycle,"c(-118.446190966293, 34.0710145524237)"
2081DC,Compost,"c(-118.446176034189, 34.0710186723046)"
2079DL,Landfill,"c(-118.44617995075, 34.0710177863459)"
2056FL,Landfill,"c(-118.44615203266, 34.0708802240639)"
2055FR,Recycle,"c(-118.446150119284, 34.0708754452762)"
2047FR,Recycle,"c(-118.445998695074, 34.0706492466775)"
2046FL,Landfill,"c(-118.44599570157, 34.0706371039267)"
2005FR,Recycle,"c(-118.448233263388, 34.0689027866177)"
2006FL,Landfill,"c(-118.448208829944, 34.0689103691323)"
3116FL,Landfill,"c(-118.444220863685, 34.0695899934169)"
3115FR,Recycle,"c(-118.4442312929, 34.0695895940214)"
3118FL,Landfill,"c(-118.443492345063, 34.0697386377757)"
3117FR,Recycle,"c(-118.443492060317, 34.0697321690398)"
3125DC,Compost,"c(-118.443126059572, 34.0697996361522)"
3123DL,Landfill,"c(-118.443133310491, 34.0697962315088)"
3124DR,Recycle,"c(-118.443138891808, 34.0697985626903)"
3128DL,Landfill,"c(-118.442572518069, 34.0699499537869)"
3130DC,Compost,"c(-118.442570589841, 34.0699516906238)"
3129DR,Recycle,"c(-118.442564274771, 34.0699509073303)"
3121FR,Recycle,"c(-118.441756445771, 34.0697937754592)"
3122FL,Landfill,"c(-118.44173896874, 34.0697942588524)"
3119FL,Landfill,"c(-118.441633003976, 34.0697878813272)"
3120FR,Recycle,"c(-118.441611242519, 34.0697889317135)"
3131XL,Landfill,"c(-118.441639055831, 34.0700578989781)"
3126FR,Recycle,"c(-118.440523595893, 34.0698954086828)"
3127FL,Landfill,"c(-118.440508081392, 34.0698985856201)"
3132FL,Landfill,"c(-118.440881572136, 34.0702339302166)"
3133FR,Recycle,"c(-118.440892573355, 34.0702447571295)"
3136FR,Recycle,"c(-118.440742053002, 34.0707087157378)"
3137FL,Landfill,"c(-118.440742271517, 34.0707118936804)"
3143AR,Recycle,"c(-118.442926742697, 34.0709488564843)"
3141AC,Compost,"c(-118.442922291112, 34.0709425811462)"
3142AL,Landfill,"c(-118.442922291112, 34.0709425811462)"
3104FL,Landfill,"c(-118.444613988116, 34.0691704650909)"
3105FR,Recycle,"c(-118.444606732653, 34.0691817217153)"
3098FL,Landfill,"c(-118.444520647739, 34.0690051354967)"
3100FR,Recycle,"c(-118.444513378674, 34.0690144420764)"
3093DR,Recycle,"c(-118.443054404659, 34.068956770489)"
3094DL,Landfill,"c(-118.443038434268, 34.0689832098475)"
3095DC,Compost,"c(-118.443032488718, 34.0689851141514)"
3087FL,Landfill,"c(-118.442528445599, 34.0684503142224)"
3086FR,Recycle,"c(-118.442528498905, 34.0684408379994)"
3066FL,Landfill,"c(-118.442572637764, 34.0674563780923)"
3065FR,Recycle,"c(-118.442574688152, 34.0674156542787)"
3064FL,Landfill,"c(-118.44219523983, 34.0673376380467)"
3063FR,Recycle,"c(-118.442186170432, 34.0673368031775)"
3075DR,Recycle,"c(-118.441917587917, 34.0675219485014)"
3074DL,Landfill,"c(-118.441912728565, 34.0675114722747)"
3073DC,Compost,"c(-118.441896622707, 34.0674954138307)"
3091FR,Recycle,"c(-118.441929029023, 34.0686130227105)"
3092FL,Landfill,"c(-118.441933683826, 34.0686459981975)"
3099FL,Landfill,"c(-118.441930684407, 34.0690080072304)"
3101FR,Recycle,"c(-118.441937780126, 34.0690154235958)"
3097FL,Landfill,"c(-118.442155400142, 34.0689861582291)"
3096FR,Recycle,"c(-118.442167359222, 34.0689856723946)"
3112DR,Recycle,"c(-118.441938446682, 34.0692899058131)"
3109DL,Landfill,"c(-118.441942316392, 34.0692740946028)"
3108DC,Compost,"c(-118.441935145646, 34.0692709465626)"
3114FL,Landfill,"c(-118.441840817797, 34.0694490675453)"
3113FR,Recycle,"c(-118.44186684161, 34.0694469542148)"
3103FL,Landfill,"c(-118.442536299051, 34.0691558978675)"
3102FR,Recycle,"c(-118.442557346429, 34.069116485989)"
3088AC,Compost,"c(-118.442519715204, 34.0685807230226)"
3089AL,Landfill,"c(-118.442514830842, 34.0685819772141)"
3090AR,Recycle,"c(-118.442519429473, 34.0685820237315)"
3056FR,Recycle,"c(-118.445381602883, 34.0666021519203)"
3055FL,Landfill,"c(-118.445373952092, 34.0666019498079)"
3043FL,Landfill,"c(-118.445555070314, 34.0656344193284)"
3044FR,Recycle,"c(-118.445546439706, 34.0656345408559)"
3009FR,Recycle,"c(-118.44561608137, 34.0641472344042)"
3010FL,Landfill,"c(-118.44561608137, 34.0641472344042)"
3003FL,Landfill,"c(-118.446409391817, 34.0638815305614)"
3004FR,Recycle,"c(-118.446396858222, 34.0638815887928)"
3011AR,Recycle,"c(-118.446971794776, 34.0641522877128)"
3012AC,Compost,"c(-118.446979782175, 34.0641575479275)"
3013AL,Landfill,"c(-118.446974640351, 34.064158782097)"
3001FR,Recycle,"c(-118.447981819028, 34.0637628022221)"
3002FL,Landfill,"c(-118.447981819028, 34.0637628022221)"
3050FR,Recycle,"c(-118.447434593812, 34.0658838386027)"
3049FL,Landfill,"c(-118.447454552361, 34.0658812067575)"
3053FR,Recycle,"c(-118.447408526698, 34.0661579433188)"
3054FL,Landfill,"c(-118.447406390952, 34.0661656070644)"
3110FL,Landfill,"c(-118.444798501386, 34.0692767468669)"
3111FR,Recycle,"c(-118.444798501386, 34.0692767468669)"
3078FR,Recycle,"c(-118.444709123481, 34.0678228249855)"
3079FL,Landfill,"c(-118.444709725411, 34.067824640155)"
3061FR,Recycle,"c(-118.444913002655, 34.0671578672931)"
3062FL,Landfill,"c(-118.444921207979, 34.0671580629238)"
3047FL,Landfill,"c(-118.445162575456, 34.0657323051777)"
3048FR,Recycle,"c(-118.445162542404, 34.0657365859659)"
3032FL,Landfill,"c(-118.445182242942, 34.0652338502262)"
3031FR,Recycle,"c(-118.445190773093, 34.0652333625245)"
3019FR,Recycle,"c(-118.445184196715, 34.0648086395535)"
3018FL,Landfill,"c(-118.445191994165, 34.0648082416809)"
3005HR,Recycle,"c(-118.445205519939, 34.0638864778714)"
3006HC,Compost,"c(-118.445214357756, 34.0638866684533)"
3007FL,Landfill,"c(-118.444243097686, 34.0638881445754)"
3008FR,Recycle,"c(-118.444236244637, 34.0638893026637)"
3015FR,Recycle,"c(-118.442395933369, 34.064204332326)"
3014FL,Landfill,"c(-118.442394001122, 34.0641986165281)"
3039FL,Landfill,"c(-118.441717273825, 34.0655176063632)"
3040FR,Recycle,"c(-118.441717273825, 34.0655176063632)"
3052FR,Recycle,"c(-118.441875512997, 34.0660724841576)"
3051FL,Landfill,"c(-118.441875427296, 34.0660687179831)"
3059FR,Recycle,"c(-118.441359556723, 34.0671037057643)"
3060FL,Landfill,"c(-118.441367371484, 34.0671044759075)"
3084FL,Landfill,"c(-118.440231302517, 34.0683826026738)"
3085FR,Recycle,"c(-118.440231302517, 34.0683826026738)"
3083FL,Landfill,"c(-118.440280246421, 34.06798726475)"
3082FR,Recycle,"c(-118.4402865807, 34.0679863254309)"
3080FL,Landfill,"c(-118.440569684463, 34.0679392497754)"
3081FR,Recycle,"c(-118.440569656785, 34.0679454884708)"
3107FL,Landfill,"c(-118.440537364797, 34.0692469579142)"
3106FR,Recycle,"c(-118.440493828532, 34.0692395980978)"
3071FL,Landfill,"c(-118.44041872001, 34.0674886532748)"
3072FR,Recycle,"c(-118.440426703439, 34.067488821837)"
3077FL,Landfill,"c(-118.440756218869, 34.0676534415752)"
3076FR,Recycle,"c(-118.440751394486, 34.0676533402898)"
3067FR,Recycle,"c(-118.443266885465, 34.067479579715)"
3068FL,Landfill,"c(-118.443263044172, 34.0674813331212)"
3069FL,Landfill,"c(-118.443704795891, 34.0674858787922)"
3070FR,Recycle,"c(-118.443704795891, 34.0674858787922)"
3058FL,Landfill,"c(-118.444382751536, 34.0669258556075)"
3057FR,Recycle,"c(-118.444402017902, 34.0669237270353)"
3046FR,Recycle,"c(-118.444222967075, 34.0656618826952)"
3045FL,Landfill,"c(-118.444227686548, 34.0656604181891)"
3027CC,Compost,"c(-118.444178539487, 34.0649722747972)"
3026CL,Landfill,"c(-118.444175995244, 34.0649631817757)"
3025CR,Recycle,"c(-118.444178781507, 34.0649461911737)"
3016FR,Recycle,"c(-118.44415008837, 34.0647313030155)"
3017FL,Landfill,"c(-118.444159501197, 34.0647320473749)"
3036FL,Landfill,"c(-118.443593584656, 34.0654735213678)"
3035FR,Recycle,"c(-118.44360172688, 34.0654729024319)"
3037FL,Landfill,"c(-118.442803010137, 34.0654765114383)"
3038FR,Recycle,"c(-118.442787812795, 34.0654765725397)"
3033FL,Landfill,"c(-118.442652722269, 34.0653534861392)"
3034FR,Recycle,"c(-118.442652722269, 34.0653534861392)"
3041FL,Landfill,"c(-118.442630767799, 34.0656150020475)"
3042FR,Recycle,"c(-118.442639863656, 34.0656163327047)"
3021DC,Compost,"c(-118.442540263055, 34.0648227410061)"
3020DL,Landfill,"c(-118.442536081743, 34.0648217940816)"
3022DR,Recycle,"c(-118.442538623738, 34.0648294238312)"
3024FR,Recycle,"c(-118.442835602046, 34.0648842121537)"
3023FL,Landfill,"c(-118.442844783786, 34.0648838431608)"
3029DC,Compost,"c(-118.443510760924, 34.0650096648293)"
3030DL,Landfill,"c(-118.443510760924, 34.0650096648293)"
3028DR,Recycle,"c(-118.443510573549, 34.065007683663)"
3134FR,Recycle,"c(-118.439922793881, 34.0704145909444)"
3135FL,Landfill,"c(-118.439872629114, 34.0704168585866)"
3145AL,Landfill,"c(-118.440663496946, 34.071399512552)"
3144AR,Recycle,"c(-118.440662399331, 34.0713976562433)"
3146AC,Compost,"c(-118.44066551041, 34.0714004134396)"
3140DR,Recycle,"c(-118.44110992415, 34.0709193359887)"
3138DL,Landfill,"c(-118.441112152652, 34.0709147768909)"
3139DC,Compost,"c(-118.44110497866, 34.0709168181775)"
