Name,Stream,Bin Number,Stream Character,Zone,geometry
1001FR,Recycle,001,R,1,"c(-118.441154597098, 34.0710201843613, 0)"
1002FL,Landfill,002,L,1,"c(-118.441148575218, 34.0710210120667, 0)"
1003DR,Recycle,003,R,1,"c(-118.442201385792, 34.0710515620287, 0)"
1004DL,Landfill,004,L,1,"c(-118.442194201356, 34.0710515783435, 0)"
1005DC,Compost,005,C,1,"c(-118.442189484639, 34.0710516393845, 0)"
1006LL,Landfill,006,L,1,"c(-118.442488558334, 34.0710670832655, 0)"
1007LL,Landfill,007,L,1,"c(-118.442292078333, 34.0710727604323, 0)"
1008LL,Landfill,008,L,1,"c(-118.442077748192, 34.0710729259124, 0)"
1009LL,Landfill,009,L,1,"c(-118.441987189594, 34.0710830382553, 0)"
1010FR,Recycle,010,R,1,"c(-118.439213685195, 34.0711556070476, 0)"
1011FL,Landfill,011,L,1,"c(-118.439224203918, 34.071156828475, 0)"
1012LL,Landfill,012,L,1,"c(-118.441956675086, 34.071185512543, 0)"
1013LL,Landfill,013,L,1,"c(-118.441796733801, 34.0711921658389, 0)"
1014LL,Landfill,014,L,1,"c(-118.44198843293, 34.0712128962916, 0)"
1015FR,Recycle,015,R,1,"c(-118.442628845333, 34.0712156277346, 0)"
1016FL,Landfill,016,L,1,"c(-118.44168471658, 34.0712172276535, 0)"
1017FL,Landfill,017,L,1,"c(-118.442636690873, 34.0712242299182, 0)"
1018LL,Landfill,018,L,1,"c(-118.442247978459, 34.0712246173572, 0)"
1019FR,Recycle,019,R,1,"c(-118.441685949892, 34.0712307147782, 0)"
1020LL,Landfill,020,L,1,"c(-118.442238151027, 34.0713354394993, 0)"
1021DR,Recycle,021,R,1,"c(-118.442002758079, 34.0713424309672, 0)"
1022DC,Compost,022,C,1,"c(-118.442003075574, 34.0713513072104, 0)"
1023DL,Landfill,023,L,1,"c(-118.442003925609, 34.0713550520934, 0)"
1024DR,Recycle,024,R,1,"c(-118.439740881889, 34.0714060232499, 0)"
1025DL,Landfill,025,L,1,"c(-118.439742119532, 34.0714094280463, 0)"
1026DC,Compost,026,C,1,"c(-118.439741446966, 34.0714099875927, 0)"
1027FR,Recycle,027,R,1,"c(-118.439111207324, 34.0714229354802, 0)"
1028FL,Landfill,028,L,1,"c(-118.439109321193, 34.07143067593, 0)"
1029FL,Landfill,029,L,1,"c(-118.43945809723, 34.071435761194, 0)"
1030FR,Recycle,030,R,1,"c(-118.439453977735, 34.0714358840633, 0)"
1031FR,Recycle,031,R,1,"c(-118.44088919994, 34.0714597815157, 0)"
1032FL,Landfill,032,L,1,"c(-118.44088909625, 34.0714690342448, 0)"
1033FR,Recycle,033,R,1,"c(-118.441549420345, 34.0715477675286, 0)"
1034FL,Landfill,034,L,1,"c(-118.441554736353, 34.0715491606597, 0)"
1035FR,Recycle,035,R,1,"c(-118.442636192558, 34.0715920490406, 0)"
1036FL,Landfill,036,L,1,"c(-118.4426443507, 34.0715924543957, 0)"
1037DL,Landfill,037,L,1,"c(-118.438539482255, 34.0717252064329, 0)"
1038DR,Recycle,038,R,1,"c(-118.438522136415, 34.0717287275921, 0)"
1039DC,Compost,039,C,1,"c(-118.438544533722, 34.0717296853619, 0)"
1040FL,Landfill,040,L,1,"c(-118.438776296116, 34.0717466895865, 0)"
1041FR,Recycle,041,R,1,"c(-118.438783074657, 34.0717476773027, 0)"
1042FR,Recycle,042,R,1,"c(-118.442292520158, 34.071928242916, 0)"
1043FL,Landfill,043,L,1,"c(-118.442302796375, 34.0719287164144, 0)"
1044FL,Landfill,044,L,1,"c(-118.442066747541, 34.0719293128761, 0)"
1045FR,Recycle,045,R,1,"c(-118.442057003964, 34.0719297674309, 0)"
1046DC,Compost,046,C,1,"c(-118.440679415115, 34.0719408941515, 0)"
1047DR,Recycle,047,R,1,"c(-118.440697747199, 34.0719418449625, 0)"
1048DL,Landfill,048,L,1,"c(-118.440672779035, 34.0719431133212, 0)"
1049FR,Recycle,049,R,1,"c(-118.43976189271, 34.0719455660851, 0)"
1050FL,Landfill,050,L,1,"c(-118.439750205084, 34.0719463761502, 0)"
1051FR,Recycle,051,R,1,"c(-118.442079059739, 34.0719685795797, 0)"
1052AC,Compost,052,C,1,"c(-118.441163203788, 34.0719697537978, 0)"
1053FR,Recycle,053,R,1,"c(-118.442293378572, 34.0719706412544, 0)"
1054FL,Landfill,054,L,1,"c(-118.442287008719, 34.0719708364449, 0)"
1055FL,Landfill,055,L,1,"c(-118.44206838696, 34.0719710772739, 0)"
1056AS,Landfill,056,S,1,"c(-118.441177027756, 34.0719721306667, 0)"
1057FL,Landfill,057,L,1,"c(-118.442602551734, 34.0719745616405, 0)"
1058AR,Recycle,058,R,1,"c(-118.441170946381, 34.0719787523464, 0)"
1059FR,Recycle,059,R,1,"c(-118.442592715122, 34.0719794751679, 0)"
1060FR,Recycle,060,R,1,"c(-118.438486145088, 34.0720233142094, 0)"
1061FL,Landfill,061,L,1,"c(-118.438466847688, 34.072024377755, 0)"
1062FR,Recycle,062,R,1,"c(-118.439237716913, 34.0720326777754, 0)"
1063FL,Landfill,063,L,1,"c(-118.439233070481, 34.0720326926101, 0)"
1064DR,Recycle,064,R,1,"c(-118.438986983044, 34.0723835710654, 0)"
1065DC,Compost,065,C,1,"c(-118.438992755568, 34.0723846462099, 0)"
1066DL,Landfill,066,L,1,"c(-118.4389976141, 34.0723853906719, 0)"
1067FL,Landfill,067,L,1,"c(-118.442310277341, 34.0724292071965, 0)"
1068FR,Recycle,068,R,1,"c(-118.44206383031, 34.0724296785, 0)"
1069FR,Recycle,069,R,1,"c(-118.442319812388, 34.0724301383585, 0)"
1070FL,Landfill,070,L,1,"c(-118.442054373025, 34.0724310991705, 0)"
1071AC,Compost,071,C,1,"c(-118.441219289502, 34.0724315603445, 0)"
1072AS,Landfill,072,S,1,"c(-118.441219289502, 34.0724315603445, 0)"
1073AR,Recycle,073,R,1,"c(-118.441227889109, 34.0724320775481, 0)"
1074DR,Recycle,074,R,1,"c(-118.440683091959, 34.0724502409315, 0)"
1075DL,Landfill,075,L,1,"c(-118.440666622018, 34.0724502480001, 0)"
1076FL,Landfill,076,L,1,"c(-118.4386466563, 34.0724505456761, 0)"
1077FL,Landfill,077,L,1,"c(-118.439837704997, 34.0724518477025, 0)"
1078DC,Compost,078,C,1,"c(-118.440673453182, 34.0724521180991, 0)"
1079FR,Recycle,079,R,1,"c(-118.439824055844, 34.0724549546862, 0)"
1080FR,Recycle,080,R,1,"c(-118.438648645238, 34.0724581423317, 0)"
1081FL,Landfill,081,L,1,"c(-118.442658750906, 34.0725404428225, 0)"
1082FR,Recycle,082,R,1,"c(-118.442652016884, 34.0725419718306, 0)"
1083FL,Landfill,083,L,1,"c(-118.439527349591, 34.0725508945178, 0)"
1084FR,Recycle,084,R,1,"c(-118.439523899132, 34.0725651542302, 0)"
1085DR,Recycle,085,R,1,"c(-118.438527420735, 34.0726027981743, 0)"
1086DL,Landfill,086,L,1,"c(-118.438540614965, 34.0726030908586, 0)"
1087DC,Compost,087,C,1,"c(-118.438533995376, 34.0726033793736, 0)"
1088FR,Recycle,088,R,1,"c(-118.438745161393, 34.072609624554, 0)"
1089FL,Landfill,089,L,1,"c(-118.438740305123, 34.0726108730701, 0)"
1090NL,Landfill,090,L,1,"c(-118.437618959435, 34.0726442925713, 0)"
1091NR,Recycle,091,R,1,"c(-118.437606884419, 34.0726472760211, 0)"
1092DL,Landfill,092,L,1,"c(-118.441568555592, 34.072735857879, 0)"
1093DC,Compost,093,C,1,"c(-118.441574730737, 34.072736070989, 0)"
1094DR,Recycle,094,R,1,"c(-118.441580949052, 34.0727362731191, 0)"
1095FR,Recycle,095,R,1,"c(-118.441007159164, 34.0728534841425, 0)"
1096FL,Landfill,096,L,1,"c(-118.441000463501, 34.0728549577282, 0)"
1097AS,Landfill,097,S,1,"c(-118.439743326866, 34.0730558147523, 0)"
1098AR,Recycle,098,R,1,"c(-118.439736973787, 34.0730571155974, 0)"
1099AC,Compost,099,C,1,"c(-118.43973983972, 34.0730581743502, 0)"
1100FR,Recycle,100,R,1,"c(-118.439305822664, 34.0731474340091, 0)"
1101FL,Landfill,101,L,1,"c(-118.441998710485, 34.0731572286655, 0)"
1102FL,Landfill,102,L,1,"c(-118.439301800325, 34.0731582970555, 0)"
1103FR,Recycle,103,R,1,"c(-118.442006277486, 34.0731616525401, 0)"
1104NL,Landfill,104,L,1,"c(-118.437740933769, 34.0731907787231, 0)"
1105FL,Landfill,105,L,1,"c(-118.438014067725, 34.0731909267668, 0)"
1106AC,Compost,106,C,1,"c(-118.439002968869, 34.0731963257937, 0)"
1107FR,Recycle,107,R,1,"c(-118.438019796588, 34.0731993979655, 0)"
1108AS,Landfill,108,S,1,"c(-118.439011370757, 34.0732005236261, 0)"
1109NR,Recycle,109,R,1,"c(-118.43774036296, 34.0732038337869, 0)"
1110AR,Recycle,110,R,1,"c(-118.438998424688, 34.0732072587048, 0)"
1111FL,Landfill,111,L,1,"c(-118.438811823836, 34.0732468289561, 0)"
1112FR,Recycle,112,R,1,"c(-118.438810250735, 34.0732610757465, 0)"
1113DC,Compost,113,C,1,"c(-118.440296988537, 34.0732706930906, 0)"
1114DR,Recycle,114,R,1,"c(-118.440303221668, 34.0732710403417, 0)"
1115DL,Landfill,115,L,1,"c(-118.440294425664, 34.0732714317163, 0)"
1116FL,Landfill,116,L,1,"c(-118.439101011552, 34.0733169091241, 0)"
1117FR,Recycle,117,R,1,"c(-118.439110461565, 34.073317162817, 0)"
1118AR,Recycle,118,R,1,"c(-118.441678556, 34.0733252447638, 0)"
1119AS,Landfill,119,S,1,"c(-118.441668991817, 34.0733286559577, 0)"
1120AC,Compost,120,C,1,"c(-118.441679570169, 34.0733354272543, 0)"
1121FR,Recycle,121,R,1,"c(-118.439290448299, 34.0733727063077, 0)"
1122FL,Landfill,122,L,1,"c(-118.439290069214, 34.0733788476386, 0)"
1123FL,Landfill,123,L,1,"c(-118.440899139821, 34.0734006800226, 0)"
1124FR,Recycle,124,R,1,"c(-118.440900856888, 34.0734092463107, 0)"
1125DR,Recycle,125,R,1,"c(-118.439510565805, 34.073444183246, 0)"
1126DC,Compost,126,C,1,"c(-118.439511428326, 34.0734488844833, 0)"
1127DL,Landfill,127,L,1,"c(-118.439511422473, 34.0734532331074, 0)"
1128FL,Landfill,128,L,1,"c(-118.438733395939, 34.0735229776932, 0)"
1129FR,Recycle,129,R,1,"c(-118.438723224154, 34.0735231300596, 0)"
1130FL,Landfill,130,L,1,"c(-118.440664793402, 34.073534733038, 0)"
1131FR,Recycle,131,R,1,"c(-118.440672864371, 34.0735365454534, 0)"
1132FR,Recycle,132,R,1,"c(-118.442301918722, 34.0735686471951, 0)"
1133FR,Recycle,133,R,1,"c(-118.44183015006, 34.0735691838784, 0)"
1134FL,Landfill,134,L,1,"c(-118.442292504072, 34.0735692004952, 0)"
1135FL,Landfill,135,L,1,"c(-118.44184248226, 34.0735768587051, 0)"
1136AR,Recycle,136,R,1,"c(-118.43968275875, 34.0739181372172, 0)"
1137AS,Landfill,137,S,1,"c(-118.439675670432, 34.0739237634975, 0)"
1138AC,Compost,138,C,1,"c(-118.439683359144, 34.0739286687095, 0)"
1139FL,Landfill,139,L,1,"c(-118.440136252179, 34.073943968438, 0)"
1140FR,Recycle,140,R,1,"c(-118.440143346674, 34.0739450637814, 0)"
1141DL,Landfill,141,L,1,"c(-118.442023314088, 34.0740378532207, 0)"
1142DC,Compost,142,C,1,"c(-118.442024282727, 34.0740416029067, 0)"
1143DR,Recycle,143,R,1,"c(-118.44202409431, 34.074047943499, 0)"
1144DR,Recycle,144,R,1,"c(-118.438848481338, 34.0740674899283, 0)"
1145DC,Compost,145,C,1,"c(-118.438848593269, 34.0740724529359, 0)"
1146DL,Landfill,146,L,1,"c(-118.43884909544, 34.0740737638088, 0)"
1147AS,Landfill,147,S,1,"c(-118.441437422365, 34.0741608629334, 0)"
1148AC,Compost,148,C,1,"c(-118.441421029987, 34.0741616440131, 0)"
1149AR,Recycle,149,R,1,"c(-118.441411256364, 34.0741629331834, 0)"
1150AR,Recycle,150,R,1,"c(-118.440733962751, 34.0741856297332, 0)"
1151AS,Landfill,151,S,1,"c(-118.44073652347, 34.074186545652, 0)"
1152AC,Compost,152,C,1,"c(-118.440733405023, 34.0741939076995, 0)"
1153FR,Recycle,153,R,1,"c(-118.439401341003, 34.0742301341156, 0)"
1154FL,Landfill,154,L,1,"c(-118.439401216473, 34.0742361170591, 0)"
1155FL,Landfill,155,L,1,"c(-118.441370907408, 34.074466910007, 0)"
1156FR,Recycle,156,R,1,"c(-118.441361662407, 34.0744687487682, 0)"
1157AS,Landfill,157,S,1,"c(-118.439569692666, 34.0745178991487, 0)"
1158AR,Recycle,158,R,1,"c(-118.439563398443, 34.0745226764341, 0)"
1159AC,Compost,159,C,1,"c(-118.439570214753, 34.074522893593, 0)"
1160LL,Landfill,160,L,1,"c(-118.441448895541, 34.0745869612196, 0)"
1161LL,Landfill,161,L,1,"c(-118.441159764338, 34.0745889650989, 0)"
1162LL,Landfill,162,L,1,"c(-118.441191521026, 34.0746138388396, 0)"
1163LL,Landfill,163,L,1,"c(-118.441350675835, 34.0746167220274, 0)"
1164FR,Recycle,164,R,1,"c(-118.439820298149, 34.0751335431572, 0)"
1165FL,Landfill,165,L,1,"c(-118.439808782956, 34.0751386710617, 0)"
1166DR,Recycle,166,R,1,"c(-118.439655935711, 34.0752295916135, 0)"
1167DC,Compost,167,C,1,"c(-118.439660703495, 34.0752359447453, 0)"
1168DL,Landfill,168,L,1,"c(-118.439665932922, 34.075236632104, 0)"
1169DC,Compost,169,C,1,"c(-118.440213804345, 34.0752493839442, 0)"
1170DL,Landfill,170,L,1,"c(-118.440216550787, 34.075252081118, 0)"
1171DR,Recycle,171,R,1,"c(-118.440216950222, 34.0752533311647, 0)"
1172FR,Recycle,172,R,1,"c(-118.439219469237, 34.0752926455428, 0)"
1173FL,Landfill,173,L,1,"c(-118.439226049282, 34.0752958932827, 0)"
1174FR,Recycle,174,R,1,"c(-118.441542255789, 34.0754185257947, 0)"
1175FR,Recycle,175,R,1,"c(-118.440885789032, 34.0754210533832, 0)"
1176FL,Landfill,176,L,1,"c(-118.441544884515, 34.0754239630679, 0)"
1177FL,Landfill,177,L,1,"c(-118.440886394406, 34.0754260824692, 0)"
1178FR,Recycle,178,R,1,"c(-118.43981901198, 34.0754303860135, 0)"
1179FL,Landfill,179,L,1,"c(-118.439809877803, 34.0754312562859, 0)"
1180FR,Recycle,180,R,1,"c(-118.440140599067, 34.0754787467335, 0)"
1181FL,Landfill,181,L,1,"c(-118.440157813567, 34.0754793213436, 0)"
1182AS,Landfill,182,S,1,"c(-118.440456738314, 34.0755265512021, 0)"
1183AR,Recycle,183,R,1,"c(-118.440465972435, 34.0755323503047, 0)"
1184AC,Compost,184,C,1,"c(-118.440456599618, 34.0755333648478, 0)"
1185NR,Recycle,185,R,1,"c(-118.440125604938, 34.0758169454524, 0)"
1186NL,Landfill,186,L,1,"c(-118.440110709017, 34.0758174566237, 0)"
1187FR,Recycle,187,R,1,"c(-118.440832630328, 34.0759305392632, 0)"
1188FL,Landfill,188,L,1,"c(-118.440841911473, 34.0759322230615, 0)"
1189NR,Recycle,189,R,1,"c(-118.440193969427, 34.0759875458603, 0)"
1190NL,Landfill,190,L,1,"c(-118.440194682583, 34.075995675072, 0)"
1191DR,Recycle,191,R,1,"c(-118.439201976602, 34.0760953902606, 0)"
1192DL,Landfill,192,L,1,"c(-118.439195939706, 34.0760991176229, 0)"
1193DC,Compost,193,C,1,"c(-118.439190143375, 34.076101909255, 0)"
1194NR,Recycle,194,R,1,"c(-118.44020118954, 34.0761740644821, 0)"
1195NL,Landfill,195,L,1,"c(-118.440200989723, 34.0761831497739, 0)"
1196MR,Landfill,196,L,1,"c(-118.440006069755, 34.0761875314551, 0)"
1197FR,Recycle,197,R,1,"c(-118.439158538239, 34.0763018406783, 0)"
1198FL,Landfill,198,L,1,"c(-118.439164823979, 34.0763086525034, 0)"
1199ML,Landfill,199,L,1,"c(-118.439549725925, 34.0764324585147, 0)"
1200FR,Recycle,200,R,1,"c(-118.44047484299, 34.0764635189731, 0)"
1201FL,Landfill,201,L,1,"c(-118.440500844609, 34.0764720295068, 0)"
1202AC,Compost,202,C,1,"c(-118.440759904289, 34.0765924716971, 0)"
1203AR,Recycle,203,R,1,"c(-118.440768213012, 34.076593147325, 0)"
1204AS,Landfill,204,S,1,"c(-118.440764421235, 34.0765958036944, 0)"
2001FR,Recycle,001,R,2,"c(-118.445144996902, 34.0686096449272, 0)"
2002FL,Landfill,002,L,2,"c(-118.445137754803, 34.0686158372555, 0)"
2003IL,Landfill,003,L,2,"c(-118.446168536829, 34.0688866567565, 0)"
2004IR,Recycle,004,R,2,"c(-118.446165822781, 34.0688874583712, 0)"
2005DR,Recycle,005,R,2,"c(-118.448233263388, 34.0689027866177, 0)"
2006DL,Landfill,006,L,2,"c(-118.448208829944, 34.0689103691323, 0)"
2008IR,Recycle,008,R,2,"c(-118.445438148812, 34.069091435865, 0)"
2012IR,Recycle,012,R,2,"c(-118.446167033216, 34.0694813089825, 0)"
2013IL,Landfill,013,L,2,"c(-118.446167033216, 34.0694813089825, 0)"
2014IL,Landfill,014,L,2,"c(-118.445371265574, 34.0695032853084, 0)"
2015IR,Recycle,015,R,2,"c(-118.445370778916, 34.0695049246957, 0)"
2016FL,Landfill,016,L,2,"c(-118.443748646345, 34.0698098916333, 0)"
2017FR,Recycle,017,R,2,"c(-118.443748077623, 34.0698124453411, 0)"
2018FL,Landfill,018,L,2,"c(-118.44745808082, 34.0698187143628, 0)"
2019FR,Recycle,019,R,2,"c(-118.447451146172, 34.0698213153657, 0)"
2020FR,Recycle,020,R,2,"c(-118.447882892346, 34.0698320185636, 0)"
2021FL,Landfill,021,L,2,"c(-118.445437341195, 34.0698377248895, 0)"
2022FL,Landfill,022,L,2,"c(-118.447873962916, 34.0698380838914, 0)"
2023FR,Recycle,023,R,2,"c(-118.445429067154, 34.0698389988934, 0)"
2024FR,Recycle,024,R,2,"c(-118.444847643427, 34.0698412923482, 0)"
2025LR,Recycle,025,R,2,"c(-118.446683436632, 34.0698418123593, 0)"
2026FL,Landfill,026,L,2,"c(-118.44485516155, 34.0698418755331, 0)"
2027FL,Landfill,027,L,2,"c(-118.44707752414, 34.0698451234865, 0)"
2028FR,Recycle,028,R,2,"c(-118.447072875761, 34.0698452959507, 0)"
2029FR,Recycle,029,R,2,"c(-118.444724896551, 34.0698471118621, 0)"
2030FL,Landfill,030,L,2,"c(-118.44472134156, 34.0698486416379, 0)"
2031LL,Landfill,031,L,2,"c(-118.446562167988, 34.0698498941385, 0)"
2032FR,Recycle,032,R,2,"c(-118.446470411297, 34.0698508522478, 0)"
2033FL,Landfill,033,L,2,"c(-118.446437430426, 34.0698590857586, 0)"
2034FR,Recycle,034,R,2,"c(-118.445695454643, 34.069972638061, 0)"
2035FL,Landfill,035,L,2,"c(-118.445694577005, 34.0699804892674, 0)"
2036AC,Compost,036,C,2,"c(-118.44754105954, 34.0700309593224, 0)"
2037AS,Landfill,037,S,2,"c(-118.44753335973, 34.0700346125994, 0)"
2038AR,Recycle,038,R,2,"c(-118.447537980198, 34.0700374102796, 0)"
2039AR,Recycle,039,R,2,"c(-118.445894441393, 34.0700414981483, 0)"
2040AS,Landfill,040,S,2,"c(-118.445894441393, 34.0700414981483, 0)"
2041AC,Compost,041,C,2,"c(-118.445893822691, 34.0700465958842, 0)"
2042FL,Landfill,042,L,2,"c(-118.445835859862, 34.0702230361395, 0)"
2043FR,Recycle,043,R,2,"c(-118.445835859862, 34.0702230361395, 0)"
2044FR,Recycle,044,R,2,"c(-118.445647016883, 34.0705135425108, 0)"
2045FL,Landfill,045,L,2,"c(-118.445647016883, 34.0705135425108, 0)"
2046FR,Recycle,046,R,2,"c(-118.445226156009, 34.0705200133036, 0)"
2047FL,Landfill,047,L,2,"c(-118.445223729305, 34.0705304946055, 0)"
2048FL,Landfill,048,L,2,"c(-118.445848924326, 34.0705350378401, 0)"
2049FR,Recycle,049,R,2,"c(-118.445839860672, 34.070535848385, 0)"
2050FL,Landfill,050,L,2,"c(-118.44599570157, 34.0706371039267, 0)"
2051FR,Recycle,051,R,2,"c(-118.445998695074, 34.0706492466775, 0)"
2052FR,Recycle,052,R,2,"c(-118.448721912709, 34.0707108590773, 0)"
2053FL,Landfill,053,L,2,"c(-118.448717629619, 34.0707185446102, 0)"
2054PC,Compost,054,C,2,"c(-118.444828999613, 34.0707900316673, 0)"
2055PR,Recycle,055,R,2,"c(-118.444828999613, 34.0707900316673, 0)"
2056PL,Landfill,056,L,2,"c(-118.444829257799, 34.0707903114376, 0)"
2057FR,Recycle,057,R,2,"c(-118.447545461976, 34.0708170621468, 0)"
2058FL,Landfill,058,L,2,"c(-118.447543885289, 34.0708244410734, 0)"
2059FR,Recycle,059,R,2,"c(-118.446150119284, 34.0708754452762, 0)"
2060FL,Landfill,060,L,2,"c(-118.44615203266, 34.0708802240639, 0)"
2061FL,Landfill,061,L,2,"c(-118.447400965042, 34.0708883309295, 0)"
2062FR,Recycle,062,R,2,"c(-118.447370794057, 34.0708957146829, 0)"
2063FL,Landfill,063,L,2,"c(-118.443657920345, 34.0709115532778, 0)"
2064FR,Recycle,064,R,2,"c(-118.443657920345, 34.0709115532778, 0)"
2065FR,Recycle,065,R,2,"c(-118.444556670408, 34.0709208133891, 0)"
2066FL,Landfill,066,L,2,"c(-118.444557287373, 34.0709430634162, 0)"
2067FR,Recycle,067,R,2,"c(-118.445392906758, 34.0709733798402, 0)"
2068FL,Landfill,068,L,2,"c(-118.445396754027, 34.0709752329717, 0)"
2069FR,Recycle,069,R,2,"c(-118.447031803274, 34.0709786252129, 0)"
2070DR,Recycle,070,R,2,"c(-118.445182357038, 34.0709786913784, 0)"
2071DL,Landfill,071,L,2,"c(-118.445182357038, 34.0709786913784, 0)"
2073FL,Landfill,073,L,2,"c(-118.447043440053, 34.0709797034358, 0)"
2074FR,Recycle,074,R,2,"c(-118.444255180512, 34.0709875299232, 0)"
2075FL,Landfill,075,L,2,"c(-118.444255180512, 34.0709875299232, 0)"
2076FR,Recycle,076,R,2,"c(-118.443926825959, 34.0709984263035, 0)"
2078FL,Landfill,078,L,2,"c(-118.443912843011, 34.0710013981454, 0)"
2080FR,Recycle,080,R,2,"c(-118.44649575215, 34.0710084872558, 0)"
2082FL,Landfill,082,L,2,"c(-118.446501541072, 34.0710106663575, 0)"
2083FL,Landfill,083,L,2,"c(-118.447464798635, 34.0710112443114, 0)"
2084FR,Recycle,084,R,2,"c(-118.447469636777, 34.0710139042786, 0)"
2085DR,Recycle,085,R,2,"c(-118.446190966293, 34.0710145524237, 0)"
2086FR,Recycle,086,R,2,"c(-118.44939459574, 34.0710152058216, 0)"
2087DL,Landfill,087,L,2,"c(-118.44617995075, 34.0710177863459, 0)"
2088FL,Landfill,088,L,2,"c(-118.449398249401, 34.0710182479338, 0)"
2089DC,Compost,089,C,2,"c(-118.446176034189, 34.0710186723046, 0)"
2090AS,Landfill,090,S,2,"c(-118.444548894758, 34.0710485277505, 0)"
2091AC,Compost,091,C,2,"c(-118.444545054133, 34.0710492071135, 0)"
2092AR,Recycle,092,R,2,"c(-118.444550795294, 34.0710519729042, 0)"
2093FR,Recycle,093,R,2,"c(-118.445047547742, 34.071081583333, 0)"
2094FL,Landfill,094,L,2,"c(-118.445042717834, 34.0710860178843, 0)"
2095DL,Landfill,095,L,2,"c(-118.443610067471, 34.0711187854137, 0)"
2096DC,Compost,096,C,2,"c(-118.443610067471, 34.0711187854137, 0)"
2097DR,Recycle,097,R,2,"c(-118.443608614896, 34.0711248005638, 0)"
2098FR,Recycle,098,R,2,"c(-118.443211222123, 34.0711364608435, 0)"
2099FL,Landfill,099,L,2,"c(-118.443211222123, 34.0711364608435, 0)"
2100FL,Landfill,100,L,2,"c(-118.444912190209, 34.0711783396608, 0)"
2101FR,Recycle,101,R,2,"c(-118.444912762144, 34.0711850845084, 0)"
2102FR,Recycle,102,R,2,"c(-118.444645825122, 34.0712024550196, 0)"
2103FL,Landfill,103,L,2,"c(-118.444645825122, 34.0712024550196, 0)"
2104FL,Landfill,104,L,2,"c(-118.44367439307, 34.0712498499765, 0)"
2107FR,Recycle,107,R,2,"c(-118.443675572597, 34.0712758946756, 0)"
2108FR,Recycle,108,R,2,"c(-118.444502453255, 34.0715316682078, 0)"
2109FL,Landfill,109,L,2,"c(-118.444503158375, 34.0715432072348, 0)"
2110FL,Landfill,110,L,2,"c(-118.443670426142, 34.0715518032176, 0)"
2111FR,Recycle,111,R,2,"c(-118.443674170032, 34.0715534772219, 0)"
2115FR,Recycle,115,R,2,"c(-118.444663745494, 34.0717672419974, 0)"
2116FL,Landfill,116,L,2,"c(-118.444672514396, 34.071767508248, 0)"
2117AC,Compost,117,C,2,"c(-118.443686838875, 34.0718636389466, 0)"
2118AS,Landfill,118,S,2,"c(-118.443686838875, 34.0718636389466, 0)"
2119DR,Recycle,119,R,2,"c(-118.44450608574, 34.071863914415, 0)"
2120AR,Recycle,120,R,2,"c(-118.443677414587, 34.0718665200732, 0)"
2121DL,Landfill,121,L,2,"c(-118.444501918938, 34.0718724627262, 0)"
2122DC,Compost,122,C,2,"c(-118.44450130956, 34.0718750300403, 0)"
2123FR,Recycle,123,R,2,"c(-118.444247703853, 34.0718823538725, 0)"
2124FL,Landfill,124,L,2,"c(-118.444254075414, 34.0718825830816, 0)"
2125FR,Recycle,125,R,2,"c(-118.443003490415, 34.0721750532272, 0)"
2126FL,Landfill,126,L,2,"c(-118.443004512361, 34.0722197182889, 0)"
2127FR,Recycle,127,R,2,"c(-118.444024646433, 34.0724888892619, 0)"
2128FL,Landfill,128,L,2,"c(-118.44401705301, 34.0724904311717, 0)"
2129FR,Recycle,129,R,2,"c(-118.444929736576, 34.072608320297, 0)"
2130FL,Landfill,130,L,2,"c(-118.444935167589, 34.0726118017625, 0)"
2131FR,Recycle,131,R,2,"c(-118.443544754098, 34.0727392940433, 0)"
2132FL,Landfill,132,L,2,"c(-118.443545008523, 34.0727521510185, 0)"
2133AC,Compost,133,C,2,"c(-118.443666275771, 34.0728817675211, 0)"
2134AR,Recycle,134,R,2,"c(-118.443666275771, 34.0728817675211, 0)"
2135AS,Landfill,135,S,2,"c(-118.443661181395, 34.0728856848376, 0)"
2144AR,Recycle,144,R,2,"c(-118.443757250309, 34.073328512595, 0)"
2146AS,Landfill,146,S,2,"c(-118.443754682129, 34.0733331957221, 0)"
2147AC,Compost,147,C,2,"c(-118.443754682129, 34.0733331957221, 0)"
2149FL,Landfill,149,L,2,"c(-118.443532076872, 34.0737437328377, 0)"
2150FR,Recycle,150,R,2,"c(-118.443532076872, 34.0737437328377, 0)"
2151DR,Recycle,151,R,2,"c(-118.443799605214, 34.0737951161475, 0)"
2152FL,Landfill,152,L,2,"c(-118.444098159655, 34.0737994313244, 0)"
2153FR,Recycle,153,R,2,"c(-118.44408742566, 34.0738036474314, 0)"
2154DL,Landfill,154,L,2,"c(-118.44380181651, 34.0738039604296, 0)"
2155DC,Compost,155,C,2,"c(-118.44380181651, 34.0738039604296, 0)"
2158FL,Landfill,158,L,2,"c(-118.450626826179, 34.0752197569587, 0)"
2159FR,Recycle,159,R,2,"c(-118.450621084572, 34.075227366466, 0)"
2079DC,Compost,079,C,2,"c(-118.449188784828, 34.0710059098043, 136.119694444733)"
2114DC,Compost,114,C,2,"c(-118.44937074856, 34.0716688581004, 128.172846709799)"
2081DL,Landfill,081,L,2,"c(-118.44917535806, 34.0710104850799, 129.964203000452)"
2113DL,Landfill,113,L,2,"c(-118.449335928809, 34.0716677231527, 137.215012473975)"
2077DR,Recycle,077,R,2,"c(-118.44916682902, 34.0710007146442, 130.005354114691)"
2112DR,Recycle,112,R,2,"c(-118.449369096302, 34.0716635822355, 128.195762487237)"
2139FL,Landfill,139,L,2,"c(-118.445079360649, 34.0732102895852, 122.449001969702)"
2010FL,Landfill,010,L,2,"c(-118.447737590995, 34.0691570688653, 111.592612355849)"
2157FL,Landfill,157,L,2,"c(-118.443529861024, 34.0739107271887, 128.299867977211)"
2106FL,Landfill,106,L,2,"c(-118.444750789979, 34.0712612301241, 119.199542372333)"
2136FL,Landfill,136,L,2,"c(-118.447935521945, 34.073115902354, 142.978965244505)"
2011FR,Recycle,011,R,2,"c(-118.447737590995, 34.0691570688653, 116.821668531131)"
2137FR,Recycle,137,R,2,"c(-118.447911297222, 34.0731196656039, 125.990677189852)"
2138FR,Recycle,138,R,2,"c(-118.445065608409, 34.0732070381249, 122.347322292086)"
2156FR,Recycle,156,R,2,"c(-118.443518501296, 34.0739069633316, 128.299866699771)"
2105FR,Recycle,105,R,2,"c(-118.444794269703, 34.0712602706946, 119.142492593245)"
2145NL,Landfill,145,L,2,"c(-118.446034496916, 34.0733320412092, 123.737534594756)"
2142NL,Landfill,142,L,2,"c(-118.445830625346, 34.0733240122778, 122.73826113823)"
2141NL,Landfill,141,L,2,"c(-118.445616112837, 34.0733104898862, 136.169537687514)"
2160ML,Landfill,160,L,2,"c(-118.444365919182, 34.0753033441382, 127.608142467487)"
2161ML,Landfill,161,L,2,"c(-118.444167089742, 34.0761984180206, 135.821500104028)"
2148NR,Recycle,148,R,2,"c(-118.446037428653, 34.0733423942955, 123.452619598414)"
2143NR,Recycle,143,R,2,"c(-118.445816022013, 34.0733265975898, 121.441920591408)"
2140NR,Recycle,140,R,2,"c(-118.445595370196, 34.0733055993912, 134.974136578487)"
2009IL,Landfill,009,L,2,"c(-118.445438148812, 34.069091435865, 0)"
2007DC,Compost,007,C,2,"c(-118.448208829944, 34.0689103691323, 0)"
2072DL,Landfill,072,L,2,"c(-118.445182357038, 34.0709786913784, 0)"
3001FR,Recycle,001,R,3,"c(-118.447981819028, 34.0637628022221, 0)"
3002FL,Landfill,002,L,3,"c(-118.447981819028, 34.0637628022221, 0)"
3003FL,Landfill,003,L,3,"c(-118.446409391817, 34.0638815305614, 0)"
3004FR,Recycle,004,R,3,"c(-118.446396858222, 34.0638815887928, 0)"
3005HR,Recycle,005,R,3,"c(-118.445205519939, 34.0638864778714, 0)"
3006HC,Compost,006,C,3,"c(-118.445214357756, 34.0638866684533, 0)"
3007FL,Landfill,007,L,3,"c(-118.444243097686, 34.0638881445754, 0)"
3008FR,Recycle,008,R,3,"c(-118.444236244637, 34.0638893026637, 0)"
3009FR,Recycle,009,R,3,"c(-118.44561608137, 34.0641472344042, 0)"
3010FL,Landfill,010,L,3,"c(-118.44561608137, 34.0641472344042, 0)"
3011AR,Recycle,011,R,3,"c(-118.446971794776, 34.0641522877128, 0)"
3012AC,Compost,012,C,3,"c(-118.446979782175, 34.0641575479275, 0)"
3013AS,Landfill,013,S,3,"c(-118.446974640351, 34.064158782097, 0)"
3014FL,Landfill,014,L,3,"c(-118.442394001122, 34.0641986165281, 0)"
3015FR,Recycle,015,R,3,"c(-118.442395933369, 34.064204332326, 0)"
3016FR,Recycle,016,R,3,"c(-118.44415008837, 34.0647313030155, 0)"
3017FL,Landfill,017,L,3,"c(-118.444159501197, 34.0647320473749, 0)"
3018FL,Landfill,018,L,3,"c(-118.445191994165, 34.0648082416809, 0)"
3019FR,Recycle,019,R,3,"c(-118.445184196715, 34.0648086395535, 0)"
3020DL,Landfill,020,L,3,"c(-118.442536081743, 34.0648217940816, 0)"
3021DC,Compost,021,C,3,"c(-118.442540263055, 34.0648227410061, 0)"
3022DR,Recycle,022,R,3,"c(-118.442538623738, 34.0648294238312, 0)"
3023FL,Landfill,023,L,3,"c(-118.442844783786, 34.0648838431608, 0)"
3024FR,Recycle,024,R,3,"c(-118.442835602046, 34.0648842121537, 0)"
3025DR,Recycle,025,R,3,"c(-118.444178781507, 34.0649461911737, 0)"
3026DL,Landfill,026,L,3,"c(-118.444175995244, 34.0649631817757, 0)"
3027DC,Compost,027,C,3,"c(-118.444178539487, 34.0649722747972, 0)"
3028DR,Recycle,028,R,3,"c(-118.443510573549, 34.065007683663, 0)"
3029DC,Compost,029,C,3,"c(-118.443510760924, 34.0650096648293, 0)"
3030DL,Landfill,030,L,3,"c(-118.443510760924, 34.0650096648293, 0)"
3031FR,Recycle,031,R,3,"c(-118.445190773093, 34.0652333625245, 0)"
3032FL,Landfill,032,L,3,"c(-118.445182242942, 34.0652338502262, 0)"
3033FL,Landfill,033,L,3,"c(-118.442652722269, 34.0653534861392, 0)"
3034FR,Recycle,034,R,3,"c(-118.442652722269, 34.0653534861392, 0)"
3037FR,Recycle,037,R,3,"c(-118.44360172688, 34.0654729024319, 0)"
3038FL,Landfill,038,L,3,"c(-118.443593584656, 34.0654735213678, 0)"
3039FL,Landfill,039,L,3,"c(-118.442803010137, 34.0654765114383, 0)"
3040FR,Recycle,040,R,3,"c(-118.442787812795, 34.0654765725397, 0)"
3042FL,Landfill,042,L,3,"c(-118.441717273825, 34.0655176063632, 0)"
3043FR,Recycle,043,R,3,"c(-118.441717273825, 34.0655176063632, 0)"
3044FL,Landfill,044,L,3,"c(-118.442630767799, 34.0656150020475, 0)"
3045FR,Recycle,045,R,3,"c(-118.442639863656, 34.0656163327047, 0)"
3046FL,Landfill,046,L,3,"c(-118.445555070314, 34.0656344193284, 0)"
3047FR,Recycle,047,R,3,"c(-118.445546439706, 34.0656345408559, 0)"
3048FL,Landfill,048,L,3,"c(-118.444227686548, 34.0656604181891, 0)"
3049FR,Recycle,049,R,3,"c(-118.444222967075, 34.0656618826952, 0)"
3050FL,Landfill,050,L,3,"c(-118.445162575456, 34.0657323051777, 0)"
3051FR,Recycle,051,R,3,"c(-118.445162542404, 34.0657365859659, 0)"
3055FL,Landfill,055,L,3,"c(-118.447454552361, 34.0658812067575, 0)"
3056FR,Recycle,056,R,3,"c(-118.447434593812, 34.0658838386027, 0)"
3060FL,Landfill,060,L,3,"c(-118.441875427296, 34.0660687179831, 0)"
3061FR,Recycle,061,R,3,"c(-118.441875512997, 34.0660724841576, 0)"
3070FR,Recycle,070,R,3,"c(-118.447408526698, 34.0661579433188, 0)"
3071FL,Landfill,071,L,3,"c(-118.447406390952, 34.0661656070644, 0)"
3085FL,Landfill,085,L,3,"c(-118.445373952092, 34.0666019498079, 0)"
3086FR,Recycle,086,R,3,"c(-118.445381602883, 34.0666021519203, 0)"
3087FR,Recycle,087,R,3,"c(-118.444402017902, 34.0669237270353, 0)"
3088FL,Landfill,088,L,3,"c(-118.444382751536, 34.0669258556075, 0)"
3092FR,Recycle,092,R,3,"c(-118.441359556723, 34.0671037057643, 0)"
3093FL,Landfill,093,L,3,"c(-118.441367371484, 34.0671044759075, 0)"
3094FR,Recycle,094,R,3,"c(-118.444913002655, 34.0671578672931, 0)"
3095FL,Landfill,095,L,3,"c(-118.444921207979, 34.0671580629238, 0)"
3096FR,Recycle,096,R,3,"c(-118.442186170432, 34.0673368031775, 0)"
3097FL,Landfill,097,L,3,"c(-118.44219523983, 34.0673376380467, 0)"
3098FR,Recycle,098,R,3,"c(-118.442574688152, 34.0674156542787, 0)"
3099FL,Landfill,099,L,3,"c(-118.442572637764, 34.0674563780923, 0)"
3100FR,Recycle,100,R,3,"c(-118.443266885465, 34.067479579715, 0)"
3101FL,Landfill,101,L,3,"c(-118.443263044172, 34.0674813331212, 0)"
3102FL,Landfill,102,L,3,"c(-118.443704795891, 34.0674858787922, 0)"
3103FR,Recycle,103,R,3,"c(-118.443704795891, 34.0674858787922, 0)"
3104FL,Landfill,104,L,3,"c(-118.44041872001, 34.0674886532748, 0)"
3105FR,Recycle,105,R,3,"c(-118.440426703439, 34.067488821837, 0)"
3106DC,Compost,106,C,3,"c(-118.441896622707, 34.0674954138307, 0)"
3107DL,Landfill,107,L,3,"c(-118.441912728565, 34.0675114722747, 0)"
3108DR,Recycle,108,R,3,"c(-118.441917587917, 34.0675219485014, 0)"
3109FR,Recycle,109,R,3,"c(-118.440751394486, 34.0676533402898, 0)"
3110FL,Landfill,110,L,3,"c(-118.440756218869, 34.0676534415752, 0)"
3111FR,Recycle,111,R,3,"c(-118.444709123481, 34.0678228249855, 0)"
3112FL,Landfill,112,L,3,"c(-118.444709725411, 34.067824640155, 0)"
3113FL,Landfill,113,L,3,"c(-118.440569684463, 34.0679392497754, 0)"
3114FR,Recycle,114,R,3,"c(-118.440569656785, 34.0679454884708, 0)"
3115FR,Recycle,115,R,3,"c(-118.4402865807, 34.0679863254309, 0)"
3116FL,Landfill,116,L,3,"c(-118.440280246421, 34.06798726475, 0)"
3117FL,Landfill,117,L,3,"c(-118.440231302517, 34.0683826026738, 0)"
3118FR,Recycle,118,R,3,"c(-118.440231302517, 34.0683826026738, 0)"
3119FR,Recycle,119,R,3,"c(-118.442528498905, 34.0684408379994, 0)"
3120FL,Landfill,120,L,3,"c(-118.442528445599, 34.0684503142224, 0)"
3121AC,Compost,121,C,3,"c(-118.442519715204, 34.0685807230226, 0)"
3122AS,Landfill,122,S,3,"c(-118.442514830842, 34.0685819772141, 0)"
3123AR,Recycle,123,R,3,"c(-118.442519429473, 34.0685820237315, 0)"
3126FR,Recycle,126,R,3,"c(-118.441929029023, 34.0686130227105, 0)"
3127FL,Landfill,127,L,3,"c(-118.441933683826, 34.0686459981975, 0)"
3130DR,Recycle,130,R,3,"c(-118.443054404659, 34.068956770489, 0)"
3131DL,Landfill,131,L,3,"c(-118.443038434268, 34.0689832098475, 0)"
3132DC,Compost,132,C,3,"c(-118.443032488718, 34.0689851141514, 0)"
3133FR,Recycle,133,R,3,"c(-118.442167359222, 34.0689856723946, 0)"
3134FL,Landfill,134,L,3,"c(-118.442155400142, 34.0689861582291, 0)"
3137FL,Landfill,137,L,3,"c(-118.444520647739, 34.0690051354967, 0)"
3138FL,Landfill,138,L,3,"c(-118.441930684407, 34.0690080072304, 0)"
3139FR,Recycle,139,R,3,"c(-118.444513378674, 34.0690144420764, 0)"
3140FR,Recycle,140,R,3,"c(-118.441937780126, 34.0690154235958, 0)"
3143FR,Recycle,143,R,3,"c(-118.442557346429, 34.069116485989, 0)"
3144FL,Landfill,144,L,3,"c(-118.442536299051, 34.0691558978675, 0)"
3145FL,Landfill,145,L,3,"c(-118.444613988116, 34.0691704650909, 0)"
3146FR,Recycle,146,R,3,"c(-118.444606732653, 34.0691817217153, 0)"
3147FR,Recycle,147,R,3,"c(-118.440493828532, 34.0692395980978, 0)"
3148FL,Landfill,148,L,3,"c(-118.440537364797, 34.0692469579142, 0)"
3149DC,Compost,149,C,3,"c(-118.441935145646, 34.0692709465626, 0)"
3150DL,Landfill,150,L,3,"c(-118.441942316392, 34.0692740946028, 0)"
3151FL,Landfill,151,L,3,"c(-118.444798501386, 34.0692767468669, 0)"
3152FR,Recycle,152,R,3,"c(-118.444798501386, 34.0692767468669, 0)"
3153DR,Recycle,153,R,3,"c(-118.441938446682, 34.0692899058131, 0)"
3154FR,Recycle,154,R,3,"c(-118.44186684161, 34.0694469542148, 0)"
3155FL,Landfill,155,L,3,"c(-118.441840817797, 34.0694490675453, 0)"
3157FR,Recycle,157,R,3,"c(-118.4442312929, 34.0695895940214, 0)"
3158FL,Landfill,158,L,3,"c(-118.444220863685, 34.0695899934169, 0)"
3160FR,Recycle,160,R,3,"c(-118.443492060317, 34.0697321690398, 0)"
3161FL,Landfill,161,L,3,"c(-118.443492345063, 34.0697386377757, 0)"
3162FL,Landfill,162,L,3,"c(-118.441633003976, 34.0697878813272, 0)"
3163FR,Recycle,163,R,3,"c(-118.441611242519, 34.0697889317135, 0)"
3164FR,Recycle,164,R,3,"c(-118.441756445771, 34.0697937754592, 0)"
3165FL,Landfill,165,L,3,"c(-118.44173896874, 34.0697942588524, 0)"
3166DL,Landfill,166,L,3,"c(-118.443133310491, 34.0697962315088, 0)"
3167DR,Recycle,167,R,3,"c(-118.443138891808, 34.0697985626903, 0)"
3168DC,Compost,168,C,3,"c(-118.443126059572, 34.0697996361522, 0)"
3169FR,Recycle,169,R,3,"c(-118.440523595893, 34.0698954086828, 0)"
3170FL,Landfill,170,L,3,"c(-118.440508081392, 34.0698985856201, 0)"
3171DL,Landfill,171,L,3,"c(-118.442572518069, 34.0699499537869, 0)"
3172DR,Recycle,172,R,3,"c(-118.442564274771, 34.0699509073303, 0)"
3173DC,Compost,173,C,3,"c(-118.442570589841, 34.0699516906238, 0)"
3174ML,Landfill,174,L,3,"c(-118.441639055831, 34.0700578989781, 0)"
3175FL,Landfill,175,L,3,"c(-118.440881572136, 34.0702339302166, 0)"
3176FR,Recycle,176,R,3,"c(-118.440892573355, 34.0702447571295, 0)"
3177FR,Recycle,177,R,3,"c(-118.439922793881, 34.0704145909444, 0)"
3178FL,Landfill,178,L,3,"c(-118.439872629114, 34.0704168585866, 0)"
3179FR,Recycle,179,R,3,"c(-118.440742053002, 34.0707087157378, 0)"
3180FL,Landfill,180,L,3,"c(-118.440742271517, 34.0707118936804, 0)"
3184DL,Landfill,184,L,3,"c(-118.441112152652, 34.0709147768909, 0)"
3185DC,Compost,185,C,3,"c(-118.44110497866, 34.0709168181775, 0)"
3186DR,Recycle,186,R,3,"c(-118.44110992415, 34.0709193359887, 0)"
3187AC,Compost,187,C,3,"c(-118.442922291112, 34.0709425811462, 0)"
3188AS,Landfill,188,S,3,"c(-118.442922291112, 34.0709425811462, 0)"
3189AR,Recycle,189,R,3,"c(-118.442926742697, 34.0709488564843, 0)"
3190AR,Recycle,190,R,3,"c(-118.440662399331, 34.0713976562433, 0)"
3191AS,Landfill,191,S,3,"c(-118.440663496946, 34.071399512552, 0)"
3192AC,Compost,192,C,3,"c(-118.44066551041, 34.0714004134396, 0)"
3074AC,Compost,074,C,3,"c(-118.442927077308, 34.0661701132259, 119.100976601274)"
3067AC,Compost,067,C,3,"c(-118.443236740672, 34.0661385944882, 119.041392360842)"
3072AS,Landfill,072,S,3,"c(-118.442932507455, 34.0661701011314, 119.050578330519)"
3068AS,Landfill,068,S,3,"c(-118.443236740672, 34.0661385944882, 119.041387639128)"
3075AR,Recycle,075,R,3,"c(-118.442927077308, 34.0661701132259, 119.100986044702)"
3069AR,Recycle,069,R,3,"c(-118.443254596064, 34.066141044696, 119.159742185181)"
3064BC,Compost,064,C,3,"c(-118.443346474084, 34.0661189646434, 119.555551589632)"
3082BC,Compost,082,C,3,"c(-118.443347887688, 34.066266711969, 120.179714105717)"
3077BC,Compost,077,C,3,"c(-118.442658122618, 34.0662322612088, 122.260118274577)"
3057BC,Compost,057,C,3,"c(-118.442679446253, 34.0660483339547, 120.615843367675)"
3073BC,Compost,073,C,3,"c(-118.442932507455, 34.0661701011314, 119.05058777253)"
3076BS,Landfill,076,S,3,"c(-118.442710858814, 34.0662283318484, 119.598197283508)"
3062BS,Landfill,062,S,3,"c(-118.443330204475, 34.0661116427003, 119.826954189483)"
3079BS,Landfill,079,S,3,"c(-118.443330204461, 34.0662590984793, 120.556363116829)"
3058BS,Landfill,058,S,3,"c(-118.442679446253, 34.0660483339547, 120.615857532816)"
3065BS,Landfill,065,S,3,"c(-118.443034888541, 34.0661224792862, 119.121139300883)"
3063BR,Recycle,063,R,3,"c(-118.443343516743, 34.0661189639479, 119.545579735012)"
3080BR,Recycle,080,R,3,"c(-118.443355248584, 34.0662630123763, 120.227192591271)"
3078BR,Recycle,078,R,3,"c(-118.442682897721, 34.0662395910887, 122.260103016105)"
3059BR,Recycle,059,R,3,"c(-118.442679446253, 34.0660483339547, 120.615843367675)"
3066BR,Recycle,066,R,3,"c(-118.443027767927, 34.0661343660576, 119.06580539601)"
3183DC,Compost,183,C,3,"c(-118.442544467383, 34.0708002225778, 145.776410604356)"
3091DC,Compost,091,C,3,"c(-118.440249395479, 34.0670028197206, 123.196929678303)"
3052DC,Compost,052,C,3,"c(-118.442358501313, 34.0657530022732, 119.104092306445)"
3181DL,Landfill,181,L,3,"c(-118.44256818903, 34.0707665283342, 148.726309305824)"
3090DL,Landfill,090,L,3,"c(-118.440257345733, 34.0670000593504, 123.207127180994)"
3054DL,Landfill,054,L,3,"c(-118.442356970041, 34.0657549800411, 119.114499561431)"
3182DR,Recycle,182,R,3,"c(-118.442555728415, 34.0707827771314, 148.19049874171)"
3089DR,Recycle,089,R,3,"c(-118.440244856068, 34.066995765795, 123.792549582839)"
3053DR,Recycle,053,R,3,"c(-118.442358501313, 34.0657530022732, 119.104115913598)"
3159FL,Landfill,159,L,3,"c(-118.443474451121, 34.0696019170544, 131.876501291031)"
3142FL,Landfill,142,L,3,"c(-118.441559000378, 34.0691071546041, 132.161596750596)"
3135FL,Landfill,135,L,3,"c(-118.441577373227, 34.0690011490324, 131.863268695033)"
3128FL,Landfill,128,L,3,"c(-118.441555494084, 34.068734444261, 154.287646238103)"
3124FL,Landfill,124,L,3,"c(-118.440499701102, 34.0685872024179, 0)"
3156FR,Recycle,156,R,3,"c(-118.44346972223, 34.069578532709, 131.651078590579)"
3141FR,Recycle,141,R,3,"c(-118.441566335547, 34.0691020140841, 132.456940470568)"
3136FR,Recycle,136,R,3,"c(-118.441577373227, 34.0690011490324, 131.863247448737)"
3129FR,Recycle,129,R,3,"c(-118.441559171248, 34.0687495327526, 155.15633702993)"
3125FR,Recycle,125,R,3,"c(-118.440489081037, 34.0685955934317, 125.322574350814)"
3084ML,Landfill,084,L,3,"c(-118.441913554398, 34.0665529958474, 0)"
3083ML,Landfill,083,L,3,"c(-118.442153455756, 34.0665480300849, 141.211623065097)"
3081ML,Landfill,081,L,3,"c(-118.442394233762, 34.0662639147044, 122.023654599709)"
3041ML,Landfill,041,L,3,"c(-118.441866136875, 34.0655100833587, 117.642518354519)"
3036NL,Landfill,036,L,3,"c(-118.44271016694, 34.0654697967125, 118.220143082444)"
3035NR,Recycle,035,R,3,"c(-118.442719636796, 34.065464421283, 127.295146046695)"
